Reference,Enabled,Visibility
ETC 7186A1114,0,0
ETC 7123K1008,0,0
ETC 7186A1119,0,0
ETC E-SPM,0,0
ETC 7186A1117,0,0
ETC EPS10,0,0
ETC 7123A1014,0,0
ETC 7186A1212,0,0
ETC 7123A1701,0,0
ETC 7186A1216,0,0
ETC 7186A1217,0,0
ETC 7186A1213,0,0
ETC 7186A1207,0,0
ETC 7186A1206,0,0
ETC 7186A1215,0,0
ETC 7123A1101,0,0
ETC 7123A1103,0,0
ETC 7123A1104,0,0
ETC 7123A1013,0,0
ETC 7123A1704,0,0
ETC 7123K1104,0,0
ETC 7123K1105,0,0
ETC 7023K1004,0,0
ETC 7186A1054,0,0
ETC 7187A1141,0,0
ETC 7187A4021,0,0
ETC 7123K1002,0,0
ETC 7186A1080,0,0
ETC 7123K1004,0,0
ETC 7186A1111-1,0,0
ETC 7123K1006,0,0
ETC 7123K1007,0,0
ETC 7186A1225,0,0
ETC 7123K1009,0,0
ETC 7186A1116-4,0,0
ETC EPS05,0,0
ETC 7123A1017,0,0
ETC EPSLO,0,0
ETC 7123A1702,0,0
ETC 7186A1203,0,0
ETC 7186A1204,0,0
ETC 7186A1211,0,0
ETC 7186A1205,0,0
ETC 7186A1208,0,0
ETC 7123A1012,0,0
ETC 7186A1209,0,0
ETC 7123A1102,0,0
ETC 7123A1106,0,0
ETC 7123A1105,0,0
ETC 7123A1015,0,0
ETC 7123K1102,0,0
ETC 7123K1103,0,0
ETC 7023K1003,0,0
ETC 7186A1053,0,0
ETC 7186A1055,0,0
ETC 7187A1142,0,0
ETC 7123K1001,0,0
ETC 7186A1081,0,0
ETC 7123K1003,0,0
ETC 7186A1218,0,0
ETC 7123K1005,0,0
ETC 7186A1112,0,0
